industry,location,RMSE,AdjR2,RMSE.cv,AdjR2.cv,month,year
5,1,58512.10518289462,-0.07828547381344664,69718.19615028547,0.4206193289407773,12,2016
7,6,31474.062238884475,-0.15745820585634496,41603.11599692704,0.4394284672550864,12,2016
9,4,485715.60284744203,0.28088449547899896,610989.4764767431,0.4532488459786545,12,2016
3,5,132883.788760988,-0.1662491545874254,165216.28588434227,0.481678550359089,12,2016
